<?xml version="1.0" encoding="UTF-8"?>
<window>
	<defaultcontrol always="true">3</defaultcontrol>
	<include>Animation_DialogPopupOpenClose</include>
	<depth>DepthOSD</depth>
	<controls>
		<include condition="![Window.IsActive(gameviewmode) | Window.IsActive(gamevideofilter)]">DefaultDialogSelectLayout</include>
		<include condition="Window.IsActive(gamevideofilter)">GameDialogSelectFilterLayout</include>
		<include condition="Window.IsActive(gameviewmode)">GameDialogSelectViewLayout</include>
	</controls>
</window>
