<?xml version="1.0" encoding="UTF-8" standalone="yes"?>
<addon id="script.program.shutdown"
  name="Shutdown Android"
  version="1.1" 
  provider-name="kav">
  <requires>
    <import addon="xbmc.python" version="2.1.0"/>
  </requires>
  <extension point="xbmc.python.script" library="addon.py">
    <provides>executable</provides>
  </extension>
  <extension point="xbmc.addon.metadata">
    <platform>android</platform>
    <summary lang="en">Shutdown Android</summary>
    <description lang="en">Shutdowns your Android device.</description>
	<disclaimer>Your device must already be rooted, and you will need to grant SU permissions to the script when prompted.</disclaimer>
  </extension>
</addon>
